DELETE FROM StudentCourses;

DELETE FROM CourseSchedules;

DELETE FROM Courses;

DELETE FROM Users;

INSERT IGNORE INTO
    Users (
        id,
        username,
        password,
        email,
        isAdmin,
        createdAt,
        updatedAt
    )
VALUES (
        '1639024475',
        'admin',
        '$2b$12$sdj0GbPBkt6VU6y6iCGTlOqIXgR8T.6b3qDHowhe/2VEdKw7PfweW',
        'admin@university.edu.cn',
        true,
        NOW(),
        NOW()
    ),
    (
        '961356883',
        'xiaoyang',
        '$2b$12$AN7ln4D1eJox.V.EpKzqGOugxBARr2Bp9Dn6sYq2KwzsQKrI.O70G',
        'xiaoyang@university.edu.cn',
        false,
        NOW(),
        NOW()
    ),
    (
        '86019081',
        'mfeng',
        '$2b$12$IxQo5dhmaJBsBskGvUaAJe.cI5G8N/WvgIYyNuT7OSMVwhX0v4Ehi',
        'mfeng@university.edu.cn',
        false,
        NOW(),
        NOW()
    ),
    (
        '1452042471',
        'dingmin',
        '$2b$12$VSNzV8ZSjeOdYWcM7.vgOOlxnAlvdHTA/n33eOEJJFHyxUA504kbC',
        'dingmin@university.edu.cn',
        false,
        NOW(),
        NOW()
    ),
    (
        '382375618',
        'xiulan38',
        '$2b$12$QpEuAf7KPw3E0lfoptiUDen2SqnXjo5e7epzGvAG0DgWets5gBnuS',
        'xiulan38@university.edu.cn',
        false,
        NOW(),
        NOW()
    ),
    (
        '1119394167',
        'ifeng',
        '$2b$12$wDI2v/W.ZpEMnlt2RAlTPOQ8yfbseNcjQJNYLt8eozJ/Nr12z6nxK',
        'ifeng@university.edu.cn',
        false,
        NOW(),
        NOW()
    ),
    (
        '420095493',
        'ofang',
        '$2b$12$/RqjO.owoq5UjmWskcXYZ.bYCWEk/2A8G7vGmo8r0p/7KVrW.DO3y',
        'ofang@university.edu.cn',
        false,
        NOW(),
        NOW()
    ),
    (
        '1360540624',
        'yanyuan',
        '$2b$12$epnhqofHKeDyFT1ybGY5N.rJHPr/tnTF5bqzFFVzdeDrFCKZ8YQwC',
        'yanyuan@university.edu.cn',
        false,
        NOW(),
        NOW()
    ),
    (
        '125491764',
        'xialai',
        '$2b$12$7W3TLF9dxFkMIlZYY9NWqOmymzvHqhbfHB.HPDnTBnV8sJ2yKQOuG',
        'xialai@university.edu.cn',
        false,
        NOW(),
        NOW()
    ),
    (
        '1077360473',
        'mincao',
        '$2b$12$pgQblgqFo74xL7LK4kXAleQ1b7lC2Eg6tLAgx09FQ9vthPW9LVirq',
        'mincao@university.edu.cn',
        false,
        NOW(),
        NOW()
    ),
    (
        '1671505157',
        'xhe',
        '$2b$12$hIMT07Xg0pvXw9.b0Xdu6.PhDhs6u7TjCRmUsAU7bxs7BUT6IRxL6',
        'xhe@university.edu.cn',
        false,
        NOW(),
        NOW()
    ),
    (
        '1647328055',
        'qiangtan',
        '$2b$12$DGqyK0adWS3H8/P9Fry7bO91EriX.QyDWIUmVU3fPQt7g8ghz.v8S',
        'qiangtan@university.edu.cn',
        false,
        NOW(),
        NOW()
    ),
    (
        '1600674772',
        'jingmao',
        '$2b$12$6Hir9hkCEdRxYAJ7odQyBO/dpROf9Kkqoj2muMxLBn9Ph2.vbeatG',
        'jingmao@university.edu.cn',
        false,
        NOW(),
        NOW()
    ),
    (
        '1869770970',
        'yan62',
        '$2b$12$NtOTqVzWcOlv9YGFVeAZF.E0G0rVgvQhGxIZ4vvRaltXT48YNi.ke',
        'yan62@university.edu.cn',
        false,
        NOW(),
        NOW()
    ),
    (
        '1196849822',
        'junkong',
        '$2b$12$CHvQLfcvEEvDSSy70l4iVeCxDU9Ksj.VuH7rqVhYW61W.2sgO0T8O',
        'junkong@university.edu.cn',
        false,
        NOW(),
        NOW()
    ),
    (
        '2125577104',
        'baijie',
        '$2b$12$l8IGq477Gg4mmLSpGejHoezxeyOGW4JbQBPxPvQGmbm/amISD5mhO',
        'baijie@university.edu.cn',
        false,
        NOW(),
        NOW()
    ),
    (
        '742632334',
        'dqiao',
        '$2b$12$M1659XI5JccHpJlktv4xN./T0k2PH/PLjfjJxkng2emnVhgKUSxnS',
        'dqiao@university.edu.cn',
        false,
        NOW(),
        NOW()
    ),
    (
        '1746974069',
        'na96',
        '$2b$12$0Mbd1VGT/QGkKyEdQzQ17ezTgXjL50zXS96gdqcNPRuaeDHCKzrYC',
        'na96@university.edu.cn',
        false,
        NOW(),
        NOW()
    ),
    (
        '955843961',
        'uding',
        '$2b$12$.gHj4Y.0T2Gj8qjMwBoVBe7t9xI5cAYcDuUI9m9WR.1uRgXJvvP9y',
        'uding@university.edu.cn',
        false,
        NOW(),
        NOW()
    ),
    (
        '580410730',
        'xiulan18',
        '$2b$12$I.dMQZDO.fRgN4pn44iA8e7iVc4MjxkCrV/37mRoBew3jw.rGkh5u',
        'xiulan18@university.edu.cn',
        false,
        NOW(),
        NOW()
    ),
    (
        '1853134505',
        'zdeng',
        '$2b$12$7DuU8KNe0ftd9lnlPr61AuVHRDfrNUcpy28M8rDOIfEOjSgZNruIG',
        'zdeng@university.edu.cn',
        false,
        NOW(),
        NOW()
    ),
    (
        '738439223',
        'yang45',
        '$2b$12$nAU7FjGBjaTmfHpxaKqsCOZNOh9y/a2CjMLvUY6LE/9U7BRALt1b.',
        'yang45@university.edu.cn',
        false,
        NOW(),
        NOW()
    ),
    (
        '1452878810',
        'fliu',
        '$2b$12$dg6q2F.U6EfWJvoTjnTJ6u7xkKkAIaDGZljnt5m1YfZNM48CUDPCm',
        'fliu@university.edu.cn',
        false,
        NOW(),
        NOW()
    ),
    (
        '987195345',
        'li47',
        '$2b$12$kW.cwimdRRFjFMl3D.V2t.rEbEY0BbWd4UGXu5oHPYpZpzvv56C9S',
        'li47@university.edu.cn',
        false,
        NOW(),
        NOW()
    ),
    (
        '755325485',
        'qlai',
        '$2b$12$qiTgOKQT6/1l4p85OYsRc.9ZNS3hJEz9U7KuzlkAqcl/qqDW5sSuq',
        'qlai@university.edu.cn',
        false,
        NOW(),
        NOW()
    ),
    (
        '2019694670',
        'bpeng',
        '$2b$12$lEzdhPi3Bm6JezxYSqj5S.eOYFFBp2V/twZIrNXdSYhbgBWay6ts2',
        'bpeng@university.edu.cn',
        false,
        NOW(),
        NOW()
    ),
    (
        '1002829242',
        'leiyang',
        '$2b$12$lFBv/u4eOc5jbm39nCfG6.QxkniZok6Oh2x6DAtX6.4DHcVvCzbcC',
        'leiyang@university.edu.cn',
        false,
        NOW(),
        NOW()
    ),
    (
        '382486125',
        'taolei',
        '$2b$12$kh9wx6Bjgk2Y03OKV7IxrOYZNNwFOXWMbpPpnrEASSQzbWcV.B0iC',
        'taolei@university.edu.cn',
        false,
        NOW(),
        NOW()
    ),
    (
        '1046226336',
        'eqiao',
        '$2b$12$uPTmmmkaBKJsdND509k4yOWr8nKAA5hG4fXZ5qypZ90gmtvdIeUva',
        'eqiao@university.edu.cn',
        false,
        NOW(),
        NOW()
    ),
    (
        '465451589',
        'juanyan',
        '$2b$12$3ODEDxsprZsSXuFEfdc7juxCubrEm.drbFnmY4zhGs6peXaqQtpxO',
        'juanyan@university.edu.cn',
        false,
        NOW(),
        NOW()
    ),
    (
        '185683575',
        'iwu',
        '$2b$12$0zScZRg7m3wpdRt/vankN.B0zNMmBT5XtRdh0hHpgg/p3hOwfPnM2',
        'iwu@university.edu.cn',
        false,
        NOW(),
        NOW()
    ),
    (
        '143475615',
        'eding',
        '$2b$12$gX5DtPnVmdSblwtHujzqouWnSMGKp0JpKuJptYyPHotaSTek2Keb2',
        'eding@university.edu.cn',
        false,
        NOW(),
        NOW()
    ),
    (
        '1259577369',
        'gangzhong',
        '$2b$12$lwuH0KGHX0FuSEIaLNIZZ.ge60VQNflXM4za9UfPZxMNhKGf8S1Si',
        'gangzhong@university.edu.cn',
        false,
        NOW(),
        NOW()
    ),
    (
        '1020657023',
        'xgao',
        '$2b$12$3ZVKdGz3BYGnF8S2AcyyxOPbGD2IvSaT.GNXy5Md91AH3RfX1l.Fa',
        'xgao@university.edu.cn',
        false,
        NOW(),
        NOW()
    ),
    (
        '865454676',
        'jingxu',
        '$2b$12$K02hhWDFU7ZfXIhnu48.D.MEAP5S37T7w4LcRM8fR9q7yZkEM.awO',
        'jingxu@university.edu.cn',
        false,
        NOW(),
        NOW()
    ),
    (
        '1716578053',
        'leiye',
        '$2b$12$v5wgIw3ge7QhCjncJksgROiBT5nkbL2syfRkJpxnW8vkshOT/Ivj2',
        'leiye@university.edu.cn',
        false,
        NOW(),
        NOW()
    ),
    (
        '1255512325',
        'leixie',
        '$2b$12$6DLrkmvq7jCGI7kKlC51r.BmJM1kMVIL6rgKKod5ek91O8PRjoPwe',
        'leixie@university.edu.cn',
        false,
        NOW(),
        NOW()
    ),
    (
        '1003922520',
        'yangfang',
        '$2b$12$pX4lD10VICPagVRjsEYXbu5vHdwMVZD6XUqa3sNnUvzgATcLfJ0dq',
        'yangfang@university.edu.cn',
        false,
        NOW(),
        NOW()
    ),
    (
        '1703338322',
        'ptian',
        '$2b$12$1Pg7hQ1k21AxbG3ZN1hbYON.skHWhX.ZrVXq7xk3iJMDnaVgjD4vG',
        'ptian@university.edu.cn',
        false,
        NOW(),
        NOW()
    ),
    (
        '1771197297',
        'yujuan',
        '$2b$12$7LZiGmCtHr0oTxLxi33zK.AhdaGS1VRH25wNlUHHsChIzN6S1dwCC',
        'yujuan@university.edu.cn',
        false,
        NOW(),
        NOW()
    ),
    (
        '894830159',
        'myi',
        '$2b$12$1ySEiqqHIpwrMS.G6kdho.5ohxIc9UGC2xn7esyyPENQFMq4aYC7W',
        'myi@university.edu.cn',
        false,
        NOW(),
        NOW()
    ),
    (
        '1262411741',
        'dengxia',
        '$2b$12$Bil5b.XhyFbvkHow72Or5OaEUURPFQFAWbP3OVC3R4HzYnrEctPCq',
        'dengxia@university.edu.cn',
        false,
        NOW(),
        NOW()
    ),
    (
        '906327415',
        'shaoxiulan',
        '$2b$12$KaxJJ6.nOdCsC6BPcLClU.lE/l4T9GQEjQvCFD87EcqXWr2E4m/LG',
        'shaoxiulan@university.edu.cn',
        false,
        NOW(),
        NOW()
    ),
    (
        '956518675',
        'tanli',
        '$2b$12$m6pV0nbQZGv/AUKRgQy91O/qmGQkiKJWerDgLHoludF0CQVLa59Cm',
        'tanli@university.edu.cn',
        false,
        NOW(),
        NOW()
    ),
    (
        '491439463',
        'tangqiang',
        '$2b$12$KLcvNNYhlfw5T7Vrq461yOHziuwU.SEfmyC5bq.qslkm5whov42cq',
        'tangqiang@university.edu.cn',
        false,
        NOW(),
        NOW()
    ),
    (
        '699791994',
        'luli',
        '$2b$12$0scfxaNgFGCUv/g.RVv4VOCbDPDIhpGikLuljQ1jl1N.W2J/N.GqO',
        'luli@university.edu.cn',
        false,
        NOW(),
        NOW()
    ),
    (
        '1478238881',
        'lei62',
        '$2b$12$Lyse.ZarSqqLdSYDsGiPTOZZn35KBaNgyZS/D9udABk8.9UK85WDu',
        'lei62@university.edu.cn',
        false,
        NOW(),
        NOW()
    ),
    (
        '1936193446',
        'nhan',
        '$2b$12$2ay1NT4cu5lXYhYGtte9mu13OMvmjvhcHd5OmYkhscPVVi5x9zq8e',
        'nhan@university.edu.cn',
        false,
        NOW(),
        NOW()
    ),
    (
        '2046947470',
        'tao08',
        '$2b$12$cXiwuSLOOtjEJd7ZL.XyNe222WOAVSdEBGhwtxB9/GMxOSe3EPAn.',
        'tao08@university.edu.cn',
        false,
        NOW(),
        NOW()
    ),
    (
        '402714115',
        'zye',
        '$2b$12$G0/wbPd3fSwTUSY4DTqS2uhySgVzbRLrYuHBcNL9NgG6Ww2zJBNZu',
        'zye@university.edu.cn',
        false,
        NOW(),
        NOW()
    ),
    (
        '2146723401',
        'aye',
        '$2b$12$6YK5NQOql4VKPK7o4eYgkeVC0tKk6eJqPF2Xma4/zlMT.ooOIMdgu',
        'aye@university.edu.cn',
        false,
        NOW(),
        NOW()
    );

INSERT IGNORE INTO
    Courses (
        courseId,
        name,
        credit,
        instructor,
        department,
        description,
        capacity,
        enrolled,
        academicYear,
        semester,
        createdAt,
        updatedAt
    )
VALUES (
        'CS402',
        '数据库系统专题',
        2.0,
        '蒋浩讲师',
        '计算机科学与技术学院',
        '这是一门关于数据库系统专题的课程，适合对数据库系统专题感兴趣的学生。',
        37,
        14,
        2024,
        3,
        NOW(),
        NOW()
    ),
    (
        'CS361',
        '软件工程基础',
        2.0,
        '刘桂兰副教授',
        '计算机科学与技术学院',
        '这是一门关于软件工程基础的课程，适合对软件工程基础感兴趣的学生。',
        89,
        40,
        2024,
        3,
        NOW(),
        NOW()
    ),
    (
        'CS372',
        '数据库系统专题',
        4.0,
        '王倩讲师',
        '计算机科学与技术学院',
        '这是一门关于数据库系统专题的课程，适合对数据库系统专题感兴趣的学生。',
        31,
        4,
        2024,
        3,
        NOW(),
        NOW()
    ),
    (
        'CS139',
        '操作系统实验',
        3.0,
        '萧小红讲师',
        '计算机科学与技术学院',
        '这是一门关于操作系统实验的课程，适合对操作系统实验感兴趣的学生。',
        75,
        22,
        2024,
        3,
        NOW(),
        NOW()
    ),
    (
        'CS157',
        '人工智能研究',
        5.0,
        '刘梅讲师',
        '计算机科学与技术学院',
        '这是一门关于人工智能研究的课程，适合对人工智能研究感兴趣的学生。',
        72,
        40,
        2024,
        3,
        NOW(),
        NOW()
    ),
    (
        'CS358',
        '软件工程原理',
        2.5,
        '楼秀梅教授',
        '计算机科学与技术学院',
        '这是一门关于软件工程原理的课程，适合对软件工程原理感兴趣的学生。',
        79,
        39,
        2024,
        3,
        NOW(),
        NOW()
    ),
    (
        'MATH137',
        '微积分实验',
        5.0,
        '惠淑英教授',
        '数学与统计学院',
        '这是一门关于微积分实验的课程，适合对微积分实验感兴趣的学生。',
        68,
        5,
        2024,
        3,
        NOW(),
        NOW()
    ),
    (
        'MATH331',
        '概率论原理',
        4.0,
        '薛倩讲师',
        '数学与统计学院',
        '这是一门关于概率论原理的课程，适合对概率论原理感兴趣的学生。',
        59,
        51,
        2024,
        3,
        NOW(),
        NOW()
    ),
    (
        'MATH415',
        '离散数学专题',
        4.0,
        '陈峰讲师',
        '数学与统计学院',
        '这是一门关于离散数学专题的课程，适合对离散数学专题感兴趣的学生。',
        46,
        0,
        2024,
        3,
        NOW(),
        NOW()
    ),
    (
        'MATH362',
        '微积分原理',
        5.0,
        '李莉讲师',
        '数学与统计学院',
        '这是一门关于微积分原理的课程，适合对微积分原理感兴趣的学生。',
        81,
        45,
        2024,
        3,
        NOW(),
        NOW()
    ),
    (
        'MATH275',
        '线性代数研究',
        4.0,
        '韦春梅教授',
        '数学与统计学院',
        '这是一门关于线性代数研究的课程，适合对线性代数研究感兴趣的学生。',
        53,
        6,
        2024,
        3,
        NOW(),
        NOW()
    ),
    (
        'MATH338',
        '拓扑学实践',
        5.0,
        '苏小红教授',
        '数学与统计学院',
        '这是一门关于拓扑学实践的课程，适合对拓扑学实践感兴趣的学生。',
        66,
        30,
        2024,
        3,
        NOW(),
        NOW()
    ),
    (
        'PHY154',
        '量子力学原理',
        5.0,
        '李洋讲师',
        '物理科学与技术学院',
        '这是一门关于量子力学原理的课程，适合对量子力学原理感兴趣的学生。',
        110,
        85,
        2024,
        3,
        NOW(),
        NOW()
    ),
    (
        'PHY342',
        '固体物理基础',
        2.5,
        '汪云讲师',
        '物理科学与技术学院',
        '这是一门关于固体物理基础的课程，适合对固体物理基础感兴趣的学生。',
        120,
        25,
        2024,
        3,
        NOW(),
        NOW()
    ),
    (
        'PHY473',
        '核物理实验',
        2.5,
        '高桂兰讲师',
        '物理科学与技术学院',
        '这是一门关于核物理实验的课程，适合对核物理实验感兴趣的学生。',
        54,
        20,
        2024,
        3,
        NOW(),
        NOW()
    ),
    (
        'PHY223',
        '热力学基础',
        3.0,
        '陈建华讲师',
        '物理科学与技术学院',
        '这是一门关于热力学基础的课程，适合对热力学基础感兴趣的学生。',
        102,
        36,
        2024,
        3,
        NOW(),
        NOW()
    ),
    (
        'PHY255',
        '电动力学研究',
        2.5,
        '萧东副教授',
        '物理科学与技术学院',
        '这是一门关于电动力学研究的课程，适合对电动力学研究感兴趣的学生。',
        119,
        88,
        2024,
        3,
        NOW(),
        NOW()
    ),
    (
        'PHY296',
        '固体物理专题',
        2.5,
        '郭帆讲师',
        '物理科学与技术学院',
        '这是一门关于固体物理专题的课程，适合对固体物理专题感兴趣的学生。',
        96,
        20,
        2024,
        3,
        NOW(),
        NOW()
    ),
    (
        'CHEM215',
        '无机化学专题',
        2.0,
        '李淑兰讲师',
        '化学与分子工程学院',
        '这是一门关于无机化学专题的课程，适合对无机化学专题感兴趣的学生。',
        82,
        68,
        2024,
        3,
        NOW(),
        NOW()
    ),
    (
        'CHEM356',
        '分析化学实践',
        4.0,
        '张帅副教授',
        '化学与分子工程学院',
        '这是一门关于分析化学实践的课程，适合对分析化学实践感兴趣的学生。',
        56,
        0,
        2024,
        3,
        NOW(),
        NOW()
    ),
    (
        'CHEM336',
        '无机化学原理',
        5.0,
        '张萍讲师',
        '化学与分子工程学院',
        '这是一门关于无机化学原理的课程，适合对无机化学原理感兴趣的学生。',
        54,
        34,
        2024,
        3,
        NOW(),
        NOW()
    ),
    (
        'CHEM240',
        '无机化学原理',
        2.0,
        '马勇讲师',
        '化学与分子工程学院',
        '这是一门关于无机化学原理的课程，适合对无机化学原理感兴趣的学生。',
        81,
        72,
        2024,
        3,
        NOW(),
        NOW()
    ),
    (
        'CHEM457',
        '高分子化学实验',
        2.0,
        '王秀芳副教授',
        '化学与分子工程学院',
        '这是一门关于高分子化学实验的课程，适合对高分子化学实验感兴趣的学生。',
        61,
        13,
        2024,
        3,
        NOW(),
        NOW()
    ),
    (
        'CHEM341',
        '无机化学实验',
        2.0,
        '胡涛副教授',
        '化学与分子工程学院',
        '这是一门关于无机化学实验的课程，适合对无机化学实验感兴趣的学生。',
        88,
        42,
        2024,
        3,
        NOW(),
        NOW()
    ),
    (
        'BIO211',
        '生态学实践',
        2.0,
        '黄秀梅教授',
        '生命科学学院',
        '这是一门关于生态学实践的课程，适合对生态学实践感兴趣的学生。',
        98,
        17,
        2024,
        3,
        NOW(),
        NOW()
    ),
    (
        'BIO406',
        '遗传学导论',
        5.0,
        '周玉讲师',
        '生命科学学院',
        '这是一门关于遗传学导论的课程，适合对遗传学导论感兴趣的学生。',
        95,
        86,
        2024,
        3,
        NOW(),
        NOW()
    ),
    (
        'BIO129',
        '分子生物学基础',
        2.5,
        '张浩讲师',
        '生命科学学院',
        '这是一门关于分子生物学基础的课程，适合对分子生物学基础感兴趣的学生。',
        77,
        63,
        2024,
        3,
        NOW(),
        NOW()
    ),
    (
        'BIO318',
        '生物化学导论',
        2.0,
        '姚峰副教授',
        '生命科学学院',
        '这是一门关于生物化学导论的课程，适合对生物化学导论感兴趣的学生。',
        112,
        89,
        2024,
        3,
        NOW(),
        NOW()
    ),
    (
        'BIO414',
        '生物化学基础',
        2.5,
        '蒋兰英教授',
        '生命科学学院',
        '这是一门关于生物化学基础的课程，适合对生物化学基础感兴趣的学生。',
        71,
        21,
        2024,
        3,
        NOW(),
        NOW()
    ),
    (
        'BIO213',
        '生物化学实践',
        2.5,
        '林想讲师',
        '生命科学学院',
        '这是一门关于生物化学实践的课程，适合对生物化学实践感兴趣的学生。',
        52,
        13,
        2024,
        3,
        NOW(),
        NOW()
    ),
    (
        'ENG277',
        '翻译理论导论',
        2.0,
        '谭晨讲师',
        '外国语学院',
        '这是一门关于翻译理论导论的课程，适合对翻译理论导论感兴趣的学生。',
        120,
        79,
        2024,
        3,
        NOW(),
        NOW()
    ),
    (
        'ENG381',
        '跨文化交际研究',
        2.0,
        '高刚副教授',
        '外国语学院',
        '这是一门关于跨文化交际研究的课程，适合对跨文化交际研究感兴趣的学生。',
        46,
        4,
        2024,
        3,
        NOW(),
        NOW()
    ),
    (
        'ENG394',
        '英语文学研究',
        2.0,
        '欧阳楠讲师',
        '外国语学院',
        '这是一门关于英语文学研究的课程，适合对英语文学研究感兴趣的学生。',
        119,
        7,
        2024,
        3,
        NOW(),
        NOW()
    ),
    (
        'ENG272',
        '翻译理论研究',
        4.0,
        '王玉梅副教授',
        '外国语学院',
        '这是一门关于翻译理论研究的课程，适合对翻译理论研究感兴趣的学生。',
        86,
        49,
        2024,
        3,
        NOW(),
        NOW()
    ),
    (
        'ENG432',
        '英语文学基础',
        2.0,
        '黄丹讲师',
        '外国语学院',
        '这是一门关于英语文学基础的课程，适合对英语文学基础感兴趣的学生。',
        31,
        4,
        2024,
        3,
        NOW(),
        NOW()
    ),
    (
        'ENG372',
        '语言学实践',
        5.0,
        '沈桂芝讲师',
        '外国语学院',
        '这是一门关于语言学实践的课程，适合对语言学实践感兴趣的学生。',
        82,
        37,
        2024,
        3,
        NOW(),
        NOW()
    ),
    (
        'HIST177',
        '考古学实践',
        3.0,
        '马浩副教授',
        '历史文化学院',
        '这是一门关于考古学实践的课程，适合对考古学实践感兴趣的学生。',
        118,
        13,
        2024,
        3,
        NOW(),
        NOW()
    ),
    (
        'HIST266',
        '历史文献学专题',
        2.5,
        '杜玉华讲师',
        '历史文化学院',
        '这是一门关于历史文献学专题的课程，适合对历史文献学专题感兴趣的学生。',
        120,
        14,
        2024,
        3,
        NOW(),
        NOW()
    ),
    (
        'HIST301',
        '世界史实践',
        3.0,
        '包文副教授',
        '历史文化学院',
        '这是一门关于世界史实践的课程，适合对世界史实践感兴趣的学生。',
        66,
        6,
        2024,
        3,
        NOW(),
        NOW()
    ),
    (
        'HIST101',
        '中国近现代史原理',
        3.0,
        '俞玉梅副教授',
        '历史文化学院',
        '这是一门关于中国近现代史原理的课程，适合对中国近现代史原理感兴趣的学生。',
        105,
        8,
        2024,
        3,
        NOW(),
        NOW()
    ),
    (
        'HIST490',
        '考古学实践',
        2.0,
        '李杰教授',
        '历史文化学院',
        '这是一门关于考古学实践的课程，适合对考古学实践感兴趣的学生。',
        74,
        42,
        2024,
        3,
        NOW(),
        NOW()
    ),
    (
        'HIST200',
        '经济史实践',
        3.0,
        '杨春梅副教授',
        '历史文化学院',
        '这是一门关于经济史实践的课程，适合对经济史实践感兴趣的学生。',
        41,
        40,
        2024,
        3,
        NOW(),
        NOW()
    ),
    (
        'LAW132',
        '商法基础',
        3.0,
        '田成讲师',
        '法学院',
        '这是一门关于商法基础的课程，适合对商法基础感兴趣的学生。',
        82,
        26,
        2024,
        3,
        NOW(),
        NOW()
    ),
    (
        'LAW407',
        '国际法研究',
        2.0,
        '黄平教授',
        '法学院',
        '这是一门关于国际法研究的课程，适合对国际法研究感兴趣的学生。',
        52,
        35,
        2024,
        3,
        NOW(),
        NOW()
    ),
    (
        'LAW401',
        '国际法实验',
        4.0,
        '余龙讲师',
        '法学院',
        '这是一门关于国际法实验的课程，适合对国际法实验感兴趣的学生。',
        61,
        59,
        2024,
        3,
        NOW(),
        NOW()
    ),
    (
        'LAW332',
        '国际法导论',
        2.5,
        '李丽丽讲师',
        '法学院',
        '这是一门关于国际法导论的课程，适合对国际法导论感兴趣的学生。',
        108,
        77,
        2024,
        3,
        NOW(),
        NOW()
    ),
    (
        'LAW139',
        '知识产权法专题',
        5.0,
        '李鹏副教授',
        '法学院',
        '这是一门关于知识产权法专题的课程，适合对知识产权法专题感兴趣的学生。',
        53,
        51,
        2024,
        3,
        NOW(),
        NOW()
    ),
    (
        'LAW482',
        '行政法学实验',
        2.0,
        '乔桂珍讲师',
        '法学院',
        '这是一门关于行政法学实验的课程，适合对行政法学实验感兴趣的学生。',
        53,
        45,
        2024,
        3,
        NOW(),
        NOW()
    ),
    (
        'ECON205',
        '劳动经济学基础',
        5.0,
        '朱金凤教授',
        '经济学院',
        '这是一门关于劳动经济学基础的课程，适合对劳动经济学基础感兴趣的学生。',
        89,
        7,
        2024,
        3,
        NOW(),
        NOW()
    ),
    (
        'ECON228',
        '劳动经济学实践',
        3.0,
        '陈娟讲师',
        '经济学院',
        '这是一门关于劳动经济学实践的课程，适合对劳动经济学实践感兴趣的学生。',
        76,
        50,
        2024,
        3,
        NOW(),
        NOW()
    ),
    (
        'ECON453',
        '微观经济学专题',
        2.5,
        '王彬教授',
        '经济学院',
        '这是一门关于微观经济学专题的课程，适合对微观经济学专题感兴趣的学生。',
        88,
        42,
        2024,
        3,
        NOW(),
        NOW()
    ),
    (
        'ECON261',
        '劳动经济学基础',
        3.0,
        '吴鑫讲师',
        '经济学院',
        '这是一门关于劳动经济学基础的课程，适合对劳动经济学基础感兴趣的学生。',
        34,
        17,
        2024,
        3,
        NOW(),
        NOW()
    ),
    (
        'ECON399',
        '金融学实践',
        2.5,
        '杨玉珍讲师',
        '经济学院',
        '这是一门关于金融学实践的课程，适合对金融学实践感兴趣的学生。',
        109,
        6,
        2024,
        3,
        NOW(),
        NOW()
    ),
    (
        'ECON149',
        '国际经济学专题',
        2.5,
        '范瑜副教授',
        '经济学院',
        '这是一门关于国际经济学专题的课程，适合对国际经济学专题感兴趣的学生。',
        105,
        1,
        2024,
        3,
        NOW(),
        NOW()
    ),
    (
        'MANAGE327',
        '运营管理专题',
        4.0,
        '王荣副教授',
        '管理学院',
        '这是一门关于运营管理专题的课程，适合对运营管理专题感兴趣的学生。',
        44,
        26,
        2024,
        3,
        NOW(),
        NOW()
    ),
    (
        'MANAGE146',
        '财务管理实践',
        5.0,
        '杜宁讲师',
        '管理学院',
        '这是一门关于财务管理实践的课程，适合对财务管理实践感兴趣的学生。',
        30,
        28,
        2024,
        3,
        NOW(),
        NOW()
    ),
    (
        'MANAGE238',
        '组织行为学专题',
        2.0,
        '曲龙副教授',
        '管理学院',
        '这是一门关于组织行为学专题的课程，适合对组织行为学专题感兴趣的学生。',
        58,
        23,
        2024,
        3,
        NOW(),
        NOW()
    ),
    (
        'MANAGE274',
        '运营管理导论',
        4.0,
        '朱畅副教授',
        '管理学院',
        '这是一门关于运营管理导论的课程，适合对运营管理导论感兴趣的学生。',
        76,
        53,
        2024,
        3,
        NOW(),
        NOW()
    ),
    (
        'MANAGE325',
        '人力资源管理导论',
        2.0,
        '徐晨副教授',
        '管理学院',
        '这是一门关于人力资源管理导论的课程，适合对人力资源管理导论感兴趣的学生。',
        75,
        26,
        2024,
        3,
        NOW(),
        NOW()
    ),
    (
        'MANAGE115',
        '组织行为学导论',
        3.0,
        '傅娜副教授',
        '管理学院',
        '这是一门关于组织行为学导论的课程，适合对组织行为学导论感兴趣的学生。',
        84,
        27,
        2024,
        3,
        NOW(),
        NOW()
    ),
    (
        'MED105',
        '病理学专题',
        5.0,
        '袁秀珍讲师',
        '医学院',
        '这是一门关于病理学专题的课程，适合对病理学专题感兴趣的学生。',
        53,
        17,
        2024,
        3,
        NOW(),
        NOW()
    ),
    (
        'MED223',
        '内科学实践',
        3.0,
        '张建平副教授',
        '医学院',
        '这是一门关于内科学实践的课程，适合对内科学实践感兴趣的学生。',
        116,
        66,
        2024,
        3,
        NOW(),
        NOW()
    ),
    (
        'MED408',
        '外科学实验',
        2.5,
        '单宁教授',
        '医学院',
        '这是一门关于外科学实验的课程，适合对外科学实验感兴趣的学生。',
        83,
        69,
        2024,
        3,
        NOW(),
        NOW()
    ),
    (
        'MED182',
        '内科学实验',
        3.0,
        '邹丽华教授',
        '医学院',
        '这是一门关于内科学实验的课程，适合对内科学实验感兴趣的学生。',
        83,
        22,
        2024,
        3,
        NOW(),
        NOW()
    ),
    (
        'MED459',
        '病理学研究',
        2.5,
        '张琴副教授',
        '医学院',
        '这是一门关于病理学研究的课程，适合对病理学研究感兴趣的学生。',
        85,
        41,
        2024,
        3,
        NOW(),
        NOW()
    ),
    (
        'MED374',
        '外科学原理',
        2.5,
        '张超副教授',
        '医学院',
        '这是一门关于外科学原理的课程，适合对外科学原理感兴趣的学生。',
        57,
        8,
        2024,
        3,
        NOW(),
        NOW()
    ),
    (
        'ART240',
        '影视艺术实验',
        2.5,
        '朱婷副教授',
        '艺术学院',
        '这是一门关于影视艺术实验的课程，适合对影视艺术实验感兴趣的学生。',
        100,
        32,
        2024,
        3,
        NOW(),
        NOW()
    ),
    (
        'ART101',
        '艺术概论原理',
        4.0,
        '张桂珍副教授',
        '艺术学院',
        '这是一门关于艺术概论原理的课程，适合对艺术概论原理感兴趣的学生。',
        108,
        91,
        2024,
        3,
        NOW(),
        NOW()
    ),
    (
        'ART487',
        '舞蹈艺术原理',
        5.0,
        '童丽丽教授',
        '艺术学院',
        '这是一门关于舞蹈艺术原理的课程，适合对舞蹈艺术原理感兴趣的学生。',
        51,
        47,
        2024,
        3,
        NOW(),
        NOW()
    ),
    (
        'ART137',
        '设计基础实践',
        2.5,
        '白淑珍讲师',
        '艺术学院',
        '这是一门关于设计基础实践的课程，适合对设计基础实践感兴趣的学生。',
        108,
        29,
        2024,
        3,
        NOW(),
        NOW()
    ),
    (
        'ART120',
        '戏剧艺术导论',
        2.0,
        '吴秀英副教授',
        '艺术学院',
        '这是一门关于戏剧艺术导论的课程，适合对戏剧艺术导论感兴趣的学生。',
        104,
        21,
        2024,
        3,
        NOW(),
        NOW()
    ),
    (
        'ART241',
        '舞蹈艺术原理',
        5.0,
        '沈玉英副教授',
        '艺术学院',
        '这是一门关于舞蹈艺术原理的课程，适合对舞蹈艺术原理感兴趣的学生。',
        89,
        4,
        2024,
        3,
        NOW(),
        NOW()
    ),
    (
        'EDU443',
        '特殊教育学基础',
        4.0,
        '翟燕教授',
        '教育学院',
        '这是一门关于特殊教育学基础的课程，适合对特殊教育学基础感兴趣的学生。',
        82,
        27,
        2024,
        3,
        NOW(),
        NOW()
    ),
    (
        'EDU484',
        '特殊教育学实验',
        2.5,
        '魏桂英教授',
        '教育学院',
        '这是一门关于特殊教育学实验的课程，适合对特殊教育学实验感兴趣的学生。',
        116,
        28,
        2024,
        3,
        NOW(),
        NOW()
    ),
    (
        'EDU292',
        '特殊教育学原理',
        3.0,
        '陈飞教授',
        '教育学院',
        '这是一门关于特殊教育学原理的课程，适合对特殊教育学原理感兴趣的学生。',
        97,
        34,
        2024,
        3,
        NOW(),
        NOW()
    ),
    (
        'EDU149',
        '比较教育学基础',
        5.0,
        '杨杰讲师',
        '教育学院',
        '这是一门关于比较教育学基础的课程，适合对比较教育学基础感兴趣的学生。',
        120,
        89,
        2024,
        3,
        NOW(),
        NOW()
    ),
    (
        'EDU122',
        '教育心理学实践',
        2.5,
        '桂秀云副教授',
        '教育学院',
        '这是一门关于教育心理学实践的课程，适合对教育心理学实践感兴趣的学生。',
        47,
        27,
        2024,
        3,
        NOW(),
        NOW()
    ),
    (
        'EDU468',
        '教育心理学专题',
        2.5,
        '王桂珍教授',
        '教育学院',
        '这是一门关于教育心理学专题的课程，适合对教育心理学专题感兴趣的学生。',
        48,
        11,
        2024,
        3,
        NOW(),
        NOW()
    ),
    (
        'ENV188',
        '环境化学专题',
        3.0,
        '吴玉兰讲师',
        '环境科学与工程学院',
        '这是一门关于环境化学专题的课程，适合对环境化学专题感兴趣的学生。',
        100,
        31,
        2024,
        3,
        NOW(),
        NOW()
    ),
    (
        'ENV484',
        '环境影响评价基础',
        3.0,
        '哈玲讲师',
        '环境科学与工程学院',
        '这是一门关于环境影响评价基础的课程，适合对环境影响评价基础感兴趣的学生。',
        47,
        2,
        2024,
        3,
        NOW(),
        NOW()
    ),
    (
        'ENV405',
        '环境工程研究',
        4.0,
        '宋杰副教授',
        '环境科学与工程学院',
        '这是一门关于环境工程研究的课程，适合对环境工程研究感兴趣的学生。',
        74,
        31,
        2024,
        3,
        NOW(),
        NOW()
    ),
    (
        'ENV273',
        '环境影响评价导论',
        4.0,
        '王林副教授',
        '环境科学与工程学院',
        '这是一门关于环境影响评价导论的课程，适合对环境影响评价导论感兴趣的学生。',
        63,
        26,
        2024,
        3,
        NOW(),
        NOW()
    ),
    (
        'ENV180',
        '环境影响评价基础',
        4.0,
        '王莉教授',
        '环境科学与工程学院',
        '这是一门关于环境影响评价基础的课程，适合对环境影响评价基础感兴趣的学生。',
        59,
        35,
        2024,
        3,
        NOW(),
        NOW()
    ),
    (
        'ENV280',
        '环境管理导论',
        5.0,
        '梁洋教授',
        '环境科学与工程学院',
        '这是一门关于环境管理导论的课程，适合对环境管理导论感兴趣的学生。',
        83,
        30,
        2024,
        3,
        NOW(),
        NOW()
    ),
    (
        'ARCH289',
        '城市规划导论',
        2.5,
        '姚淑英教授',
        '建筑学院',
        '这是一门关于城市规划导论的课程，适合对城市规划导论感兴趣的学生。',
        55,
        8,
        2024,
        3,
        NOW(),
        NOW()
    ),
    (
        'ARCH430',
        '建筑施工实践',
        5.0,
        '陈婷婷教授',
        '建筑学院',
        '这是一门关于建筑施工实践的课程，适合对建筑施工实践感兴趣的学生。',
        73,
        36,
        2024,
        3,
        NOW(),
        NOW()
    ),
    (
        'ARCH344',
        '建筑设计原理',
        2.0,
        '蔡桂兰教授',
        '建筑学院',
        '这是一门关于建筑设计原理的课程，适合对建筑设计原理感兴趣的学生。',
        66,
        66,
        2024,
        3,
        NOW(),
        NOW()
    ),
    (
        'ARCH221',
        '建筑物理研究',
        2.0,
        '杨建平讲师',
        '建筑学院',
        '这是一门关于建筑物理研究的课程，适合对建筑物理研究感兴趣的学生。',
        39,
        19,
        2024,
        3,
        NOW(),
        NOW()
    ),
    (
        'ARCH103',
        '建筑材料研究',
        5.0,
        '唐梅副教授',
        '建筑学院',
        '这是一门关于建筑材料研究的课程，适合对建筑材料研究感兴趣的学生。',
        82,
        65,
        2024,
        3,
        NOW(),
        NOW()
    ),
    (
        'ARCH364',
        '建筑物理研究',
        4.0,
        '方建华教授',
        '建筑学院',
        '这是一门关于建筑物理研究的课程，适合对建筑物理研究感兴趣的学生。',
        83,
        16,
        2024,
        3,
        NOW(),
        NOW()
    );

INSERT IGNORE INTO
    CourseSchedules (
        courseId,
        dayOfWeek,
        startSlot,
        endSlot,
        classroom,
        weekStart,
        weekEnd,
        weekType,
        createdAt,
        updatedAt
    )
VALUES (
        'CS402',
        4,
        4,
        6,
        'B105实验室',
        1,
        11,
        'even',
        NOW(),
        NOW()
    ),
    (
        'CS402',
        2,
        5,
        6,
        'A410',
        1,
        11,
        'even',
        NOW(),
        NOW()
    ),
    (
        'CS361',
        3,
        5,
        7,
        'D410',
        1,
        14,
        'odd',
        NOW(),
        NOW()
    ),
    (
        'CS361',
        2,
        7,
        9,
        'C107',
        1,
        14,
        'all',
        NOW(),
        NOW()
    ),
    (
        'CS361',
        4,
        5,
        7,
        'B303',
        1,
        14,
        'odd',
        NOW(),
        NOW()
    ),
    (
        'CS372',
        3,
        1,
        2,
        'C204',
        1,
        14,
        'even',
        NOW(),
        NOW()
    ),
    (
        'CS372',
        2,
        7,
        8,
        'D304',
        1,
        14,
        'even',
        NOW(),
        NOW()
    ),
    (
        'CS139',
        5,
        3,
        5,
        'D408',
        1,
        10,
        'even',
        NOW(),
        NOW()
    ),
    (
        'CS139',
        5,
        2,
        4,
        'D407',
        1,
        10,
        'odd',
        NOW(),
        NOW()
    ),
    (
        'CS139',
        2,
        3,
        4,
        'C107',
        1,
        10,
        'odd',
        NOW(),
        NOW()
    ),
    (
        'CS157',
        1,
        1,
        2,
        'D508',
        1,
        16,
        'odd',
        NOW(),
        NOW()
    ),
    (
        'CS358',
        4,
        6,
        7,
        'A510',
        1,
        11,
        'all',
        NOW(),
        NOW()
    ),
    (
        'MATH137',
        2,
        2,
        3,
        'D507',
        1,
        15,
        'odd',
        NOW(),
        NOW()
    ),
    (
        'MATH137',
        5,
        6,
        7,
        'D104',
        1,
        15,
        'all',
        NOW(),
        NOW()
    ),
    (
        'MATH137',
        2,
        2,
        4,
        'B204机房',
        1,
        15,
        'even',
        NOW(),
        NOW()
    ),
    (
        'MATH331',
        1,
        7,
        9,
        'C210',
        1,
        14,
        'odd',
        NOW(),
        NOW()
    ),
    (
        'MATH331',
        4,
        3,
        4,
        'D506',
        1,
        14,
        'odd',
        NOW(),
        NOW()
    ),
    (
        'MATH415',
        3,
        8,
        10,
        'B301',
        1,
        14,
        'all',
        NOW(),
        NOW()
    ),
    (
        'MATH415',
        4,
        1,
        2,
        'D401',
        1,
        14,
        'all',
        NOW(),
        NOW()
    ),
    (
        'MATH362',
        5,
        8,
        10,
        'D110',
        1,
        12,
        'odd',
        NOW(),
        NOW()
    ),
    (
        'MATH275',
        1,
        4,
        6,
        'B506',
        1,
        16,
        'all',
        NOW(),
        NOW()
    ),
    (
        'MATH275',
        3,
        3,
        4,
        'A501',
        1,
        16,
        'even',
        NOW(),
        NOW()
    ),
    (
        'MATH338',
        5,
        5,
        7,
        'A508',
        1,
        16,
        'odd',
        NOW(),
        NOW()
    ),
    (
        'MATH338',
        3,
        6,
        8,
        'B507',
        1,
        16,
        'even',
        NOW(),
        NOW()
    ),
    (
        'MATH338',
        3,
        4,
        5,
        'B202实验室',
        1,
        16,
        'even',
        NOW(),
        NOW()
    ),
    (
        'PHY154',
        1,
        4,
        5,
        'A402',
        1,
        11,
        'all',
        NOW(),
        NOW()
    ),
    (
        'PHY342',
        5,
        7,
        9,
        'A404',
        1,
        13,
        'even',
        NOW(),
        NOW()
    ),
    (
        'PHY342',
        2,
        8,
        10,
        'C207',
        1,
        13,
        'odd',
        NOW(),
        NOW()
    ),
    (
        'PHY342',
        4,
        8,
        10,
        'B508',
        1,
        13,
        'all',
        NOW(),
        NOW()
    ),
    (
        'PHY473',
        2,
        4,
        5,
        'D502',
        1,
        12,
        'even',
        NOW(),
        NOW()
    ),
    (
        'PHY473',
        5,
        5,
        6,
        'A504',
        1,
        12,
        'odd',
        NOW(),
        NOW()
    ),
    (
        'PHY473',
        4,
        3,
        5,
        'C303',
        1,
        12,
        'odd',
        NOW(),
        NOW()
    ),
    (
        'PHY223',
        2,
        1,
        3,
        'B506',
        1,
        10,
        'all',
        NOW(),
        NOW()
    ),
    (
        'PHY223',
        3,
        5,
        6,
        'D402',
        1,
        10,
        'all',
        NOW(),
        NOW()
    ),
    (
        'PHY223',
        1,
        2,
        4,
        'B202',
        1,
        10,
        'even',
        NOW(),
        NOW()
    ),
    (
        'PHY255',
        1,
        6,
        8,
        'B204实验室',
        1,
        14,
        'odd',
        NOW(),
        NOW()
    ),
    (
        'PHY255',
        3,
        1,
        3,
        'A305',
        1,
        14,
        'all',
        NOW(),
        NOW()
    ),
    (
        'PHY255',
        5,
        4,
        6,
        'C301',
        1,
        14,
        'odd',
        NOW(),
        NOW()
    ),
    (
        'PHY296',
        5,
        7,
        8,
        'B305机房',
        1,
        16,
        'odd',
        NOW(),
        NOW()
    ),
    (
        'PHY296',
        1,
        5,
        7,
        'A110',
        1,
        16,
        'odd',
        NOW(),
        NOW()
    ),
    (
        'PHY296',
        1,
        3,
        4,
        'B410',
        1,
        16,
        'odd',
        NOW(),
        NOW()
    ),
    (
        'CHEM215',
        2,
        1,
        2,
        'B404',
        1,
        10,
        'even',
        NOW(),
        NOW()
    ),
    (
        'CHEM215',
        1,
        5,
        6,
        'B510',
        1,
        10,
        'even',
        NOW(),
        NOW()
    ),
    (
        'CHEM215',
        5,
        6,
        8,
        'A204',
        1,
        10,
        'odd',
        NOW(),
        NOW()
    ),
    (
        'CHEM356',
        4,
        2,
        4,
        'D106',
        1,
        11,
        'all',
        NOW(),
        NOW()
    ),
    (
        'CHEM336',
        4,
        8,
        9,
        'D410',
        1,
        12,
        'all',
        NOW(),
        NOW()
    ),
    (
        'CHEM336',
        2,
        3,
        5,
        'D304',
        1,
        12,
        'all',
        NOW(),
        NOW()
    ),
    (
        'CHEM336',
        4,
        6,
        8,
        'B102',
        1,
        12,
        'even',
        NOW(),
        NOW()
    ),
    (
        'CHEM240',
        1,
        6,
        7,
        'B501',
        1,
        10,
        'odd',
        NOW(),
        NOW()
    ),
    (
        'CHEM457',
        3,
        7,
        9,
        'A303',
        1,
        12,
        'odd',
        NOW(),
        NOW()
    ),
    (
        'CHEM341',
        2,
        4,
        6,
        'D202实验室',
        1,
        14,
        'even',
        NOW(),
        NOW()
    ),
    (
        'BIO211',
        3,
        7,
        8,
        'D108',
        1,
        15,
        'odd',
        NOW(),
        NOW()
    ),
    (
        'BIO211',
        2,
        6,
        8,
        'A508',
        1,
        15,
        'odd',
        NOW(),
        NOW()
    ),
    (
        'BIO211',
        3,
        2,
        3,
        'C403',
        1,
        15,
        'odd',
        NOW(),
        NOW()
    ),
    (
        'BIO406',
        1,
        8,
        9,
        'D308',
        1,
        16,
        'even',
        NOW(),
        NOW()
    ),
    (
        'BIO129',
        3,
        2,
        4,
        'C410',
        1,
        11,
        'odd',
        NOW(),
        NOW()
    ),
    (
        'BIO318',
        4,
        2,
        3,
        'B406',
        1,
        10,
        'all',
        NOW(),
        NOW()
    ),
    (
        'BIO318',
        1,
        2,
        3,
        'B204机房',
        1,
        10,
        'odd',
        NOW(),
        NOW()
    ),
    (
        'BIO318',
        3,
        3,
        5,
        'B301',
        1,
        10,
        'even',
        NOW(),
        NOW()
    ),
    (
        'BIO414',
        4,
        7,
        9,
        'D501',
        1,
        15,
        'odd',
        NOW(),
        NOW()
    ),
    (
        'BIO213',
        1,
        3,
        5,
        'C403',
        1,
        15,
        'even',
        NOW(),
        NOW()
    ),
    (
        'BIO213',
        5,
        1,
        2,
        'B104',
        1,
        15,
        'odd',
        NOW(),
        NOW()
    ),
    (
        'ENG277',
        1,
        8,
        10,
        'D407',
        1,
        11,
        'odd',
        NOW(),
        NOW()
    ),
    (
        'ENG277',
        5,
        2,
        3,
        'A108',
        1,
        11,
        'even',
        NOW(),
        NOW()
    ),
    (
        'ENG277',
        3,
        8,
        9,
        'A206',
        1,
        11,
        'odd',
        NOW(),
        NOW()
    ),
    (
        'ENG381',
        4,
        7,
        8,
        'A201',
        1,
        10,
        'odd',
        NOW(),
        NOW()
    ),
    (
        'ENG381',
        5,
        4,
        5,
        'C104',
        1,
        10,
        'odd',
        NOW(),
        NOW()
    ),
    (
        'ENG381',
        2,
        6,
        7,
        'C401',
        1,
        10,
        'all',
        NOW(),
        NOW()
    ),
    (
        'ENG394',
        2,
        5,
        7,
        'C301',
        1,
        10,
        'odd',
        NOW(),
        NOW()
    ),
    (
        'ENG272',
        1,
        1,
        3,
        'C102',
        1,
        10,
        'all',
        NOW(),
        NOW()
    ),
    (
        'ENG272',
        3,
        4,
        6,
        'B407',
        1,
        10,
        'odd',
        NOW(),
        NOW()
    ),
    (
        'ENG272',
        5,
        8,
        9,
        'A202',
        1,
        10,
        'even',
        NOW(),
        NOW()
    ),
    (
        'ENG432',
        4,
        5,
        6,
        'A208',
        1,
        11,
        'even',
        NOW(),
        NOW()
    ),
    (
        'ENG372',
        5,
        1,
        3,
        'A205',
        1,
        13,
        'all',
        NOW(),
        NOW()
    ),
    (
        'HIST177',
        4,
        1,
        3,
        'D107',
        1,
        11,
        'odd',
        NOW(),
        NOW()
    ),
    (
        'HIST177',
        4,
        4,
        5,
        'A201',
        1,
        11,
        'all',
        NOW(),
        NOW()
    ),
    (
        'HIST177',
        2,
        8,
        9,
        'B403',
        1,
        11,
        'even',
        NOW(),
        NOW()
    ),
    (
        'HIST266',
        1,
        7,
        8,
        'C104',
        1,
        10,
        'all',
        NOW(),
        NOW()
    ),
    (
        'HIST266',
        5,
        3,
        4,
        'C207',
        1,
        10,
        'odd',
        NOW(),
        NOW()
    ),
    (
        'HIST101',
        3,
        6,
        7,
        'B510',
        1,
        14,
        'all',
        NOW(),
        NOW()
    );

INSERT INTO
    StudentCourses (
        studentId,
        courseId,
        status,
        selectTime,
        createdAt,
        updatedAt
    )
VALUES (
        '961356883',
        'ENG277',
        'selected',
        '2024-10-20 00:08:52',
        NOW(),
        NOW()
    ),
    (
        '961356883',
        'BIO211',
        'selected',
        '2024-10-18 02:35:52',
        NOW(),
        NOW()
    ),
    (
        '961356883',
        'MATH362',
        'selected',
        '2024-10-20 18:40:52',
        NOW(),
        NOW()
    ),
    (
        '961356883',
        'HIST177',
        'selected',
        '2024-10-20 03:16:52',
        NOW(),
        NOW()
    ),
    (
        '961356883',
        'MED374',
        'selected',
        '2024-10-20 06:25:52',
        NOW(),
        NOW()
    ),
    (
        '961356883',
        'EDU122',
        'selected',
        '2024-10-20 19:56:52',
        NOW(),
        NOW()
    ),
    (
        '961356883',
        'MED408',
        'selected',
        '2024-10-20 19:13:52',
        NOW(),
        NOW()
    ),
    (
        '86019081',
        'ENV405',
        'selected',
        '2024-10-20 22:54:52',
        NOW(),
        NOW()
    ),
    (
        '86019081',
        'LAW401',
        'selected',
        '2024-10-19 15:00:52',
        NOW(),
        NOW()
    ),
    (
        '86019081',
        'PHY473',
        'selected',
        '2024-10-20 09:17:52',
        NOW(),
        NOW()
    ),
    (
        '86019081',
        'BIO211',
        'selected',
        '2024-10-19 01:41:52',
        NOW(),
        NOW()
    ),
    (
        '86019081',
        'MATH331',
        'selected',
        '2024-10-18 00:24:52',
        NOW(),
        NOW()
    ),
    (
        '86019081',
        'CS361',
        'selected',
        '2024-10-18 19:33:52',
        NOW(),
        NOW()
    ),
    (
        '1452042471',
        'LAW332',
        'selected',
        '2024-10-19 07:57:52',
        NOW(),
        NOW()
    ),
    (
        '1452042471',
        'ART241',
        'selected',
        '2024-10-20 20:46:52',
        NOW(),
        NOW()
    ),
    (
        '1452042471',
        'ENG432',
        'dropped',
        '2024-10-20 22:11:52',
        NOW(),
        NOW()
    ),
    (
        '382375618',
        'HIST490',
        'selected',
        '2024-10-18 03:39:52',
        NOW(),
        NOW()
    ),
    (
        '382375618',
        'MATH362',
        'selected',
        '2024-10-18 11:50:52',
        NOW(),
        NOW()
    ),
    (
        '382375618',
        'CHEM215',
        'selected',
        '2024-10-19 19:27:52',
        NOW(),
        NOW()
    ),
    (
        '382375618',
        'PHY342',
        'selected',
        '2024-10-19 17:34:52',
        NOW(),
        NOW()
    ),
    (
        '382375618',
        'BIO211',
        'selected',
        '2024-10-19 15:57:52',
        NOW(),
        NOW()
    ),
    (
        '1119394167',
        'HIST200',
        'selected',
        '2024-10-19 10:56:52',
        NOW(),
        NOW()
    ),
    (
        '1119394167',
        'ART240',
        'selected',
        '2024-10-18 09:52:52',
        NOW(),
        NOW()
    ),
    (
        '1119394167',
        'BIO213',
        'selected',
        '2024-10-20 17:51:52',
        NOW(),
        NOW()
    ),
    (
        '1119394167',
        'MATH415',
        'selected',
        '2024-10-18 18:05:52',
        NOW(),
        NOW()
    ),
    (
        '420095493',
        'MATH415',
        'selected',
        '2024-10-20 07:07:52',
        NOW(),
        NOW()
    ),
    (
        '420095493',
        'ART240',
        'selected',
        '2024-10-18 00:51:52',
        NOW(),
        NOW()
    ),
    (
        '420095493',
        'MANAGE238',
        'selected',
        '2024-10-20 01:15:52',
        NOW(),
        NOW()
    ),
    (
        '420095493',
        'ARCH364',
        'selected',
        '2024-10-20 03:38:52',
        NOW(),
        NOW()
    ),
    (
        '1360540624',
        'HIST266',
        'dropped',
        '2024-10-18 03:01:52',
        NOW(),
        NOW()
    ),
    (
        '1360540624',
        'HIST490',
        'selected',
        '2024-10-20 07:44:52',
        NOW(),
        NOW()
    ),
    (
        '1360540624',
        'ARCH221',
        'selected',
        '2024-10-20 06:23:52',
        NOW(),
        NOW()
    ),
    (
        '1360540624',
        'MED374',
        'selected',
        '2024-10-20 06:52:52',
        NOW(),
        NOW()
    ),
    (
        '1360540624',
        'CHEM215',
        'selected',
        '2024-10-18 19:57:52',
        NOW(),
        NOW()
    ),
    (
        '1360540624',
        'ENV484',
        'selected',
        '2024-10-20 01:40:52',
        NOW(),
        NOW()
    ),
    (
        '1360540624',
        'PHY154',
        'selected',
        '2024-10-18 06:20:52',
        NOW(),
        NOW()
    ),
    (
        '125491764',
        'MATH275',
        'selected',
        '2024-10-19 02:19:52',
        NOW(),
        NOW()
    ),
    (
        '125491764',
        'MANAGE115',
        'selected',
        '2024-10-18 16:02:52',
        NOW(),
        NOW()
    ),
    (
        '125491764',
        'ART101',
        'selected',
        '2024-10-18 00:34:52',
        NOW(),
        NOW()
    ),
    (
        '125491764',
        'LAW139',
        'selected',
        '2024-10-20 00:17:52',
        NOW(),
        NOW()
    ),
    (
        '125491764',
        'BIO129',
        'selected',
        '2024-10-20 01:59:52',
        NOW(),
        NOW()
    ),
    (
        '125491764',
        'PHY223',
        'selected',
        '2024-10-19 20:16:52',
        NOW(),
        NOW()
    ),
    (
        '125491764',
        'ECON453',
        'selected',
        '2024-10-18 20:47:52',
        NOW(),
        NOW()
    ),
    (
        '1077360473',
        'EDU292',
        'selected',
        '2024-10-18 23:42:52',
        NOW(),
        NOW()
    ),
    (
        '1077360473',
        'ENG432',
        'dropped',
        '2024-10-19 16:03:52',
        NOW(),
        NOW()
    ),
    (
        '1077360473',
        'ENG394',
        'selected',
        '2024-10-20 11:23:52',
        NOW(),
        NOW()
    ),
    (
        '1077360473',
        'ENG381',
        'selected',
        '2024-10-18 05:17:52',
        NOW(),
        NOW()
    ),
    (
        '1077360473',
        'ART137',
        'selected',
        '2024-10-20 22:11:52',
        NOW(),
        NOW()
    ),
    (
        '1077360473',
        'ECON205',
        'selected',
        '2024-10-18 14:51:52',
        NOW(),
        NOW()
    ),
    (
        '1671505157',
        'ENV188',
        'selected',
        '2024-10-18 20:11:52',
        NOW(),
        NOW()
    ),
    (
        '1671505157',
        'CS361',
        'dropped',
        '2024-10-19 13:45:52',
        NOW(),
        NOW()
    ),
    (
        '1671505157',
        'BIO406',
        'selected',
        '2024-10-18 01:02:52',
        NOW(),
        NOW()
    ),
    (
        '1671505157',
        'MANAGE274',
        'dropped',
        '2024-10-21 00:51:52',
        NOW(),
        NOW()
    ),
    (
        '1671505157',
        'HIST301',
        'selected',
        '2024-10-18 01:45:52',
        NOW(),
        NOW()
    ),
    (
        '1671505157',
        'MED223',
        'selected',
        '2024-10-20 23:03:52',
        NOW(),
        NOW()
    ),
    (
        '1671505157',
        'CS157',
        'selected',
        '2024-10-18 21:24:52',
        NOW(),
        NOW()
    ),
    (
        '1647328055',
        'BIO213',
        'dropped',
        '2024-10-18 01:00:52',
        NOW(),
        NOW()
    ),
    (
        '1647328055',
        'ENV280',
        'selected',
        '2024-10-20 08:16:52',
        NOW(),
        NOW()
    ),
    (
        '1647328055',
        'ENV180',
        'selected',
        '2024-10-19 21:11:52',
        NOW(),
        NOW()
    ),
    (
        '1647328055',
        'MANAGE325',
        'dropped',
        '2024-10-19 05:09:52',
        NOW(),
        NOW()
    ),
    (
        '1647328055',
        'HIST101',
        'selected',
        '2024-10-19 17:25:52',
        NOW(),
        NOW()
    ),
    (
        '1647328055',
        'LAW139',
        'selected',
        '2024-10-20 08:43:52',
        NOW(),
        NOW()
    ),
    (
        '1647328055',
        'ECON453',
        'selected',
        '2024-10-18 06:19:52',
        NOW(),
        NOW()
    ),
    (
        '1600674772',
        'ENV405',
        'selected',
        '2024-10-19 10:19:52',
        NOW(),
        NOW()
    ),
    (
        '1600674772',
        'BIO414',
        'selected',
        '2024-10-20 06:44:52',
        NOW(),
        NOW()
    ),
    (
        '1600674772',
        'MATH275',
        'selected',
        '2024-10-18 10:25:52',
        NOW(),
        NOW()
    ),
    (
        '1600674772',
        'ECON149',
        'selected',
        '2024-10-19 15:54:52',
        NOW(),
        NOW()
    ),
    (
        '1600674772',
        'ARCH289',
        'selected',
        '2024-10-19 04:59:52',
        NOW(),
        NOW()
    ),
    (
        '1600674772',
        'PHY154',
        'selected',
        '2024-10-19 01:31:52',
        NOW(),
        NOW()
    ),
    (
        '1600674772',
        'LAW132',
        'selected',
        '2024-10-20 21:32:52',
        NOW(),
        NOW()
    ),
    (
        '1869770970',
        'MANAGE115',
        'selected',
        '2024-10-18 10:15:52',
        NOW(),
        NOW()
    ),
    (
        '1869770970',
        'ARCH289',
        'selected',
        '2024-10-20 23:52:52',
        NOW(),
        NOW()
    ),
    (
        '1869770970',
        'CS139',
        'selected',
        '2024-10-20 04:10:52',
        NOW(),
        NOW()
    ),
    (
        '1869770970',
        'MANAGE274',
        'selected',
        '2024-10-18 18:35:52',
        NOW(),
        NOW()
    ),
    (
        '1869770970',
        'CHEM341',
        'dropped',
        '2024-10-18 17:47:52',
        NOW(),
        NOW()
    ),
    (
        '1869770970',
        'ECON205',
        'selected',
        '2024-10-21 00:45:52',
        NOW(),
        NOW()
    ),
    (
        '1869770970',
        'ART241',
        'selected',
        '2024-10-18 02:53:52',
        NOW(),
        NOW()
    ),
    (
        '1196849822',
        'HIST101',
        'selected',
        '2024-10-18 21:47:52',
        NOW(),
        NOW()
    ),
    (
        '1196849822',
        'ENG272',
        'selected',
        '2024-10-20 18:12:52',
        NOW(),
        NOW()
    ),
    (
        '1196849822',
        'CHEM215',
        'selected',
        '2024-10-18 18:11:52',
        NOW(),
        NOW()
    ),
    (
        '1196849822',
        'MATH137',
        'selected',
        '2024-10-19 07:03:52',
        NOW(),
        NOW()
    ),
    (
        '1196849822',
        'EDU122',
        'selected',
        '2024-10-18 23:26:52',
        NOW(),
        NOW()
    ),
    (
        '2125577104',
        'ARCH221',
        'selected',
        '2024-10-20 21:12:52',
        NOW(),
        NOW()
    ),
    (
        '2125577104',
        'ARCH344',
        'selected',
        '2024-10-19 15:44:52',
        NOW(),
        NOW()
    ),
    (
        '2125577104',
        'ENG432',
        'selected',
        '2024-10-19 08:45:52',
        NOW(),
        NOW()
    ),
    (
        '2125577104',
        'ENG394',
        'selected',
        '2024-10-20 09:15:52',
        NOW(),
        NOW()
    ),
    (
        '742632334',
        'LAW482',
        'dropped',
        '2024-10-19 16:14:52',
        NOW(),
        NOW()
    ),
    (
        '742632334',
        'CHEM240',
        'selected',
        '2024-10-20 14:16:52',
        NOW(),
        NOW()
    ),
    (
        '742632334',
        'CS157',
        'selected',
        '2024-10-21 00:45:52',
        NOW(),
        NOW()
    ),
    (
        '742632334',
        'EDU443',
        'selected',
        '2024-10-19 20:28:52',
        NOW(),
        NOW()
    ),
    (
        '742632334',
        'BIO211',
        'selected',
        '2024-10-19 07:23:52',
        NOW(),
        NOW()
    ),
    (
        '742632334',
        'ART487',
        'selected',
        '2024-10-19 13:57:52',
        NOW(),
        NOW()
    ),
    (
        '742632334',
        'ENV405',
        'selected',
        '2024-10-19 09:38:52',
        NOW(),
        NOW()
    ),
    (
        '1746974069',
        'MANAGE115',
        'selected',
        '2024-10-19 11:57:52',
        NOW(),
        NOW()
    ),
    (
        '1746974069',
        'ECON453',
        'selected',
        '2024-10-20 01:11:52',
        NOW(),
        NOW()
    ),
    (
        '1746974069',
        'ART487',
        'selected',
        '2024-10-21 00:40:52',
        NOW(),
        NOW()
    ),
    (
        '955843961',
        'ENV180',
        'selected',
        '2024-10-20 14:38:52',
        NOW(),
        NOW()
    ),
    (
        '955843961',
        'CS358',
        'selected',
        '2024-10-19 06:37:52',
        NOW(),
        NOW()
    ),
    (
        '955843961',
        'HIST101',
        'selected',
        '2024-10-19 16:44:52',
        NOW(),
        NOW()
    ),
    (
        '955843961',
        'ENG372',
        'selected',
        '2024-10-20 15:21:52',
        NOW(),
        NOW()
    ),
    (
        '955843961',
        'ART241',
        'selected',
        '2024-10-20 05:58:52',
        NOW(),
        NOW()
    ),
    (
        '580410730',
        'CHEM356',
        'selected',
        '2024-10-18 03:14:52',
        NOW(),
        NOW()
    ),
    (
        '580410730',
        'ENG277',
        'selected',
        '2024-10-19 21:21:52',
        NOW(),
        NOW()
    ),
    (
        '580410730',
        'CS372',
        'selected',
        '2024-10-19 20:53:52',
        NOW(),
        NOW()
    ),
    (
        '580410730',
        'MATH362',
        'selected',
        '2024-10-20 02:37:52',
        NOW(),
        NOW()
    ),
    (
        '1853134505',
        'ECON261',
        'selected',
        '2024-10-18 21:44:52',
        NOW(),
        NOW()
    ),
    (
        '1853134505',
        'ECON228',
        'selected',
        '2024-10-20 10:51:52',
        NOW(),
        NOW()
    ),
    (
        '1853134505',
        'ENV188',
        'selected',
        '2024-10-20 10:18:52',
        NOW(),
        NOW()
    ),
    (
        '738439223',
        'ENG272',
        'selected',
        '2024-10-20 08:54:52',
        NOW(),
        NOW()
    ),
    (
        '738439223',
        'ARCH289',
        'selected',
        '2024-10-19 05:54:52',
        NOW(),
        NOW()
    ),
    (
        '738439223',
        'MED408',
        'selected',
        '2024-10-20 15:51:52',
        NOW(),
        NOW()
    ),
    (
        '738439223',
        'MANAGE146',
        'selected',
        '2024-10-20 14:21:52',
        NOW(),
        NOW()
    ),
    (
        '738439223',
        'MED182',
        'selected',
        '2024-10-18 07:25:52',
        NOW(),
        NOW()
    ),
    (
        '1452878810',
        'ENV405',
        'selected',
        '2024-10-20 08:01:52',
        NOW(),
        NOW()
    ),
    (
        '1452878810',
        'MED408',
        'selected',
        '2024-10-20 23:50:52',
        NOW(),
        NOW()
    ),
    (
        '1452878810',
        'EDU443',
        'selected',
        '2024-10-20 09:09:52',
        NOW(),
        NOW()
    ),
    (
        '987195345',
        'ENV273',
        'dropped',
        '2024-10-19 10:58:52',
        NOW(),
        NOW()
    ),
    (
        '987195345',
        'MANAGE146',
        'selected',
        '2024-10-18 03:16:52',
        NOW(),
        NOW()
    ),
    (
        '987195345',
        'ECON205',
        'dropped',
        '2024-10-20 04:18:52',
        NOW(),
        NOW()
    ),
    (
        '755325485',
        'CS372',
        'selected',
        '2024-10-18 06:07:52',
        NOW(),
        NOW()
    ),
    (
        '755325485',
        'ENV405',
        'selected',
        '2024-10-18 02:54:52',
        NOW(),
        NOW()
    ),
    (
        '755325485',
        'LAW139',
        'dropped',
        '2024-10-19 08:26:52',
        NOW(),
        NOW()
    ),
    (
        '2019694670',
        'MATH137',
        'selected',
        '2024-10-20 19:37:52',
        NOW(),
        NOW()
    ),
    (
        '2019694670',
        'MANAGE274',
        'selected',
        '2024-10-19 18:18:52',
        NOW(),
        NOW()
    ),
    (
        '2019694670',
        'EDU122',
        'selected',
        '2024-10-19 03:08:52',
        NOW(),
        NOW()
    ),
    (
        '2019694670',
        'EDU292',
        'selected',
        '2024-10-19 15:04:52',
        NOW(),
        NOW()
    ),
    (
        '2019694670',
        'MATH275',
        'selected',
        '2024-10-21 00:19:52',
        NOW(),
        NOW()
    ),
    (
        '2019694670',
        'EDU484',
        'selected',
        '2024-10-19 13:16:52',
        NOW(),
        NOW()
    ),
    (
        '2019694670',
        'LAW401',
        'selected',
        '2024-10-18 20:30:52',
        NOW(),
        NOW()
    ),
    (
        '1002829242',
        'ENV273',
        'selected',
        '2024-10-20 21:08:52',
        NOW(),
        NOW()
    ),
    (
        '1002829242',
        'LAW332',
        'selected',
        '2024-10-20 01:18:52',
        NOW(),
        NOW()
    ),
    (
        '1002829242',
        'ENV180',
        'selected',
        '2024-10-20 20:15:52',
        NOW(),
        NOW()
    ),
    (
        '382486125',
        'ECON205',
        'selected',
        '2024-10-18 08:30:52',
        NOW(),
        NOW()
    ),
    (
        '382486125',
        'BIO406',
        'selected',
        '2024-10-18 11:12:52',
        NOW(),
        NOW()
    ),
    (
        '382486125',
        'MED408',
        'selected',
        '2024-10-20 16:17:52',
        NOW(),
        NOW()
    ),
    (
        '382486125',
        'HIST101',
        'selected',
        '2024-10-18 13:11:52',
        NOW(),
        NOW()
    ),
    (
        '382486125',
        'ARCH221',
        'dropped',
        '2024-10-20 01:47:52',
        NOW(),
        NOW()
    ),
    (
        '382486125',
        'EDU122',
        'selected',
        '2024-10-20 09:34:52',
        NOW(),
        NOW()
    ),
    (
        '382486125',
        'HIST266',
        'selected',
        '2024-10-18 10:24:52',
        NOW(),
        NOW()
    ),
    (
        '1046226336',
        'MATH362',
        'selected',
        '2024-10-18 12:03:52',
        NOW(),
        NOW()
    ),
    (
        '1046226336',
        'ENV180',
        'selected',
        '2024-10-18 17:42:52',
        NOW(),
        NOW()
    ),
    (
        '1046226336',
        'EDU292',
        'selected',
        '2024-10-18 04:26:52',
        NOW(),
        NOW()
    ),
    (
        '1046226336',
        'ECON205',
        'selected',
        '2024-10-20 16:06:52',
        NOW(),
        NOW()
    ),
    (
        '1046226336',
        'ECON399',
        'selected',
        '2024-10-20 18:47:52',
        NOW(),
        NOW()
    ),
    (
        '465451589',
        'LAW139',
        'selected',
        '2024-10-18 19:53:52',
        NOW(),
        NOW()
    ),
    (
        '465451589',
        'CS372',
        'selected',
        '2024-10-20 06:04:52',
        NOW(),
        NOW()
    ),
    (
        '465451589',
        'ECON399',
        'selected',
        '2024-10-18 04:06:52',
        NOW(),
        NOW()
    ),
    (
        '185683575',
        'CS372',
        'selected',
        '2024-10-20 02:45:52',
        NOW(),
        NOW()
    ),
    (
        '185683575',
        'EDU443',
        'selected',
        '2024-10-20 09:04:52',
        NOW(),
        NOW()
    ),
    (
        '185683575',
        'MANAGE274',
        'selected',
        '2024-10-18 06:05:52',
        NOW(),
        NOW()
    ),
    (
        '185683575',
        'LAW332',
        'selected',
        '2024-10-18 07:52:52',
        NOW(),
        NOW()
    ),
    (
        '185683575',
        'ECON228',
        'selected',
        '2024-10-19 08:52:52',
        NOW(),
        NOW()
    ),
    (
        '143475615',
        'LAW332',
        'dropped',
        '2024-10-20 10:08:52',
        NOW(),
        NOW()
    ),
    (
        '143475615',
        'PHY154',
        'selected',
        '2024-10-20 23:23:52',
        NOW(),
        NOW()
    ),
    (
        '143475615',
        'HIST101',
        'selected',
        '2024-10-19 13:28:52',
        NOW(),
        NOW()
    ),
    (
        '143475615',
        'ECON149',
        'selected',
        '2024-10-19 17:42:52',
        NOW(),
        NOW()
    ),
    (
        '1259577369',
        'MATH137',
        'selected',
        '2024-10-19 14:09:52',
        NOW(),
        NOW()
    ),
    (
        '1259577369',
        'ENG277',
        'selected',
        '2024-10-18 02:38:52',
        NOW(),
        NOW()
    ),
    (
        '1259577369',
        'EDU149',
        'selected',
        '2024-10-18 12:10:52',
        NOW(),
        NOW()
    ),
    (
        '1259577369',
        'ECON399',
        'selected',
        '2024-10-19 07:02:52',
        NOW(),
        NOW()
    ),
    (
        '1259577369',
        'LAW482',
        'selected',
        '2024-10-20 18:58:52',
        NOW(),
        NOW()
    ),
    (
        '1259577369',
        'EDU292',
        'selected',
        '2024-10-19 04:36:52',
        NOW(),
        NOW()
    ),
    (
        '1259577369',
        'ECON205',
        'selected',
        '2024-10-19 01:02:52',
        NOW(),
        NOW()
    ),
    (
        '1020657023',
        'HIST266',
        'selected',
        '2024-10-19 20:40:52',
        NOW(),
        NOW()
    ),
    (
        '1020657023',
        'BIO406',
        'selected',
        '2024-10-20 04:56:52',
        NOW(),
        NOW()
    ),
    (
        '1020657023',
        'LAW132',
        'selected',
        '2024-10-19 05:27:52',
        NOW(),
        NOW()
    ),
    (
        '1020657023',
        'MATH338',
        'selected',
        '2024-10-20 10:19:52',
        NOW(),
        NOW()
    ),
    (
        '1020657023',
        'MANAGE325',
        'selected',
        '2024-10-18 15:16:52',
        NOW(),
        NOW()
    ),
    (
        '1020657023',
        'ARCH430',
        'selected',
        '2024-10-19 05:38:52',
        NOW(),
        NOW()
    ),
    (
        '1020657023',
        'ARCH103',
        'selected',
        '2024-10-20 09:13:52',
        NOW(),
        NOW()
    ),
    (
        '865454676',
        'HIST101',
        'selected',
        '2024-10-18 10:02:52',
        NOW(),
        NOW()
    ),
    (
        '865454676',
        'MATH137',
        'selected',
        '2024-10-20 15:12:52',
        NOW(),
        NOW()
    ),
    (
        '865454676',
        'MANAGE146',
        'selected',
        '2024-10-20 23:13:52',
        NOW(),
        NOW()
    ),
    (
        '865454676',
        'ENV484',
        'selected',
        '2024-10-18 22:51:52',
        NOW(),
        NOW()
    ),
    (
        '865454676',
        'EDU122',
        'dropped',
        '2024-10-18 05:03:52',
        NOW(),
        NOW()
    ),
    (
        '865454676',
        'PHY154',
        'selected',
        '2024-10-20 01:03:52',
        NOW(),
        NOW()
    ),
    (
        '1716578053',
        'PHY342',
        'dropped',
        '2024-10-19 00:55:52',
        NOW(),
        NOW()
    ),
    (
        '1716578053',
        'PHY255',
        'selected',
        '2024-10-19 19:33:52',
        NOW(),
        NOW()
    ),
    (
        '1716578053',
        'LAW401',
        'dropped',
        '2024-10-19 14:05:52',
        NOW(),
        NOW()
    ),
    (
        '1716578053',
        'CS139',
        'selected',
        '2024-10-18 04:44:52',
        NOW(),
        NOW()
    ),
    (
        '1255512325',
        'PHY223',
        'selected',
        '2024-10-18 02:56:52',
        NOW(),
        NOW()
    ),
    (
        '1255512325',
        'ENG394',
        'selected',
        '2024-10-18 00:18:52',
        NOW(),
        NOW()
    ),
    (
        '1255512325',
        'ART101',
        'selected',
        '2024-10-19 15:45:52',
        NOW(),
        NOW()
    ),
    (
        '1255512325',
        'MANAGE325',
        'selected',
        '2024-10-20 19:52:52',
        NOW(),
        NOW()
    ),
    (
        '1003922520',
        'CS139',
        'selected',
        '2024-10-20 13:27:52',
        NOW(),
        NOW()
    ),
    (
        '1003922520',
        'LAW407',
        'selected',
        '2024-10-20 10:44:52',
        NOW(),
        NOW()
    ),
    (
        '1003922520',
        'MED105',
        'selected',
        '2024-10-19 09:37:52',
        NOW(),
        NOW()
    ),
    (
        '1003922520',
        'ENG381',
        'selected',
        '2024-10-20 01:49:52',
        NOW(),
        NOW()
    ),
    (
        '1003922520',
        'ENG432',
        'selected',
        '2024-10-19 13:48:52',
        NOW(),
        NOW()
    ),
    (
        '1703338322',
        'EDU292',
        'selected',
        '2024-10-20 02:46:52',
        NOW(),
        NOW()
    ),
    (
        '1703338322',
        'BIO213',
        'dropped',
        '2024-10-19 22:28:52',
        NOW(),
        NOW()
    ),
    (
        '1703338322',
        'ART241',
        'selected',
        '2024-10-18 03:19:52',
        NOW(),
        NOW()
    ),
    (
        '1703338322',
        'CS157',
        'dropped',
        '2024-10-20 11:31:52',
        NOW(),
        NOW()
    ),
    (
        '1703338322',
        'ENG372',
        'selected',
        '2024-10-20 18:53:52',
        NOW(),
        NOW()
    ),
    (
        '1703338322',
        'CS372',
        'selected',
        '2024-10-19 19:53:52',
        NOW(),
        NOW()
    ),
    (
        '1703338322',
        'MATH338',
        'dropped',
        '2024-10-20 05:18:52',
        NOW(),
        NOW()
    ),
    (
        '1771197297',
        'CHEM215',
        'selected',
        '2024-10-19 21:54:52',
        NOW(),
        NOW()
    ),
    (
        '1771197297',
        'CS358',
        'selected',
        '2024-10-18 14:20:52',
        NOW(),
        NOW()
    ),
    (
        '1771197297',
        'CHEM356',
        'selected',
        '2024-10-19 12:23:52',
        NOW(),
        NOW()
    ),
    (
        '1771197297',
        'MATH362',
        'selected',
        '2024-10-20 01:59:52',
        NOW(),
        NOW()
    ),
    (
        '1771197297',
        'ART120',
        'selected',
        '2024-10-20 19:04:52',
        NOW(),
        NOW()
    ),
    (
        '1771197297',
        'ENV180',
        'selected',
        '2024-10-19 19:44:52',
        NOW(),
        NOW()
    ),
    (
        '894830159',
        'CHEM336',
        'selected',
        '2024-10-20 23:41:52',
        NOW(),
        NOW()
    ),
    (
        '894830159',
        'BIO211',
        'selected',
        '2024-10-20 20:08:52',
        NOW(),
        NOW()
    ),
    (
        '894830159',
        'EDU122',
        'selected',
        '2024-10-20 04:36:52',
        NOW(),
        NOW()
    ),
    (
        '1262411741',
        'HIST490',
        'selected',
        '2024-10-18 23:10:52',
        NOW(),
        NOW()
    ),
    (
        '1262411741',
        'ECON149',
        'selected',
        '2024-10-19 04:41:52',
        NOW(),
        NOW()
    ),
    (
        '1262411741',
        'BIO414',
        'selected',
        '2024-10-18 05:50:52',
        NOW(),
        NOW()
    ),
    (
        '906327415',
        'MED182',
        'selected',
        '2024-10-18 00:10:52',
        NOW(),
        NOW()
    ),
    (
        '906327415',
        'ART137',
        'selected',
        '2024-10-18 16:30:52',
        NOW(),
        NOW()
    ),
    (
        '906327415',
        'PHY296',
        'selected',
        '2024-10-20 12:36:52',
        NOW(),
        NOW()
    ),
    (
        '906327415',
        'PHY223',
        'dropped',
        '2024-10-20 05:11:52',
        NOW(),
        NOW()
    ),
    (
        '906327415',
        'ARCH430',
        'selected',
        '2024-10-20 21:23:52',
        NOW(),
        NOW()
    ),
    (
        '906327415',
        'ECON261',
        'selected',
        '2024-10-20 22:29:52',
        NOW(),
        NOW()
    ),
    (
        '956518675',
        'ENG372',
        'selected',
        '2024-10-19 15:15:52',
        NOW(),
        NOW()
    ),
    (
        '956518675',
        'ENG394',
        'selected',
        '2024-10-20 23:16:52',
        NOW(),
        NOW()
    ),
    (
        '956518675',
        'HIST301',
        'selected',
        '2024-10-20 08:18:52',
        NOW(),
        NOW()
    ),
    (
        '956518675',
        'CS402',
        'selected',
        '2024-10-20 17:28:52',
        NOW(),
        NOW()
    ),
    (
        '956518675',
        'ARCH364',
        'selected',
        '2024-10-19 14:29:52',
        NOW(),
        NOW()
    ),
    (
        '956518675',
        'MED459',
        'selected',
        '2024-10-19 22:15:52',
        NOW(),
        NOW()
    ),
    (
        '491439463',
        'PHY255',
        'selected',
        '2024-10-19 15:28:52',
        NOW(),
        NOW()
    ),
    (
        '491439463',
        'CS361',
        'dropped',
        '2024-10-18 21:31:52',
        NOW(),
        NOW()
    ),
    (
        '491439463',
        'ENV405',
        'selected',
        '2024-10-20 20:27:52',
        NOW(),
        NOW()
    ),
    (
        '699791994',
        'MED374',
        'selected',
        '2024-10-20 07:54:52',
        NOW(),
        NOW()
    ),
    (
        '699791994',
        'CS358',
        'selected',
        '2024-10-20 15:35:52',
        NOW(),
        NOW()
    ),
    (
        '699791994',
        'MED408',
        'selected',
        '2024-10-20 22:14:52',
        NOW(),
        NOW()
    ),
    (
        '699791994',
        'LAW401',
        'selected',
        '2024-10-20 13:30:52',
        NOW(),
        NOW()
    ),
    (
        '699791994',
        'CHEM356',
        'dropped',
        '2024-10-20 06:30:52',
        NOW(),
        NOW()
    ),
    (
        '1478238881',
        'MATH275',
        'selected',
        '2024-10-19 03:23:52',
        NOW(),
        NOW()
    ),
    (
        '1478238881',
        'LAW332',
        'selected',
        '2024-10-20 20:55:52',
        NOW(),
        NOW()
    ),
    (
        '1478238881',
        'CHEM341',
        'selected',
        '2024-10-20 03:24:52',
        NOW(),
        NOW()
    ),
    (
        '1478238881',
        'EDU484',
        'selected',
        '2024-10-19 02:15:52',
        NOW(),
        NOW()
    ),
    (
        '1478238881',
        'BIO129',
        'selected',
        '2024-10-19 17:20:52',
        NOW(),
        NOW()
    ),
    (
        '1936193446',
        'LAW401',
        'dropped',
        '2024-10-20 10:59:52',
        NOW(),
        NOW()
    ),
    (
        '1936193446',
        'MED105',
        'dropped',
        '2024-10-20 00:22:52',
        NOW(),
        NOW()
    ),
    (
        '1936193446',
        'LAW407',
        'selected',
        '2024-10-19 05:23:52',
        NOW(),
        NOW()
    ),
    (
        '1936193446',
        'MANAGE327',
        'selected',
        '2024-10-18 04:02:52',
        NOW(),
        NOW()
    ),
    (
        '2046947470',
        'CS139',
        'selected',
        '2024-10-18 04:10:52',
        NOW(),
        NOW()
    ),
    (
        '2046947470',
        'ARCH430',
        'selected',
        '2024-10-18 04:33:52',
        NOW(),
        NOW()
    ),
    (
        '2046947470',
        'ENG277',
        'selected',
        '2024-10-20 02:11:52',
        NOW(),
        NOW()
    ),
    (
        '2046947470',
        'ECON399',
        'selected',
        '2024-10-19 16:20:52',
        NOW(),
        NOW()
    ),
    (
        '2046947470',
        'BIO213',
        'selected',
        '2024-10-20 13:29:52',
        NOW(),
        NOW()
    ),
    (
        '2046947470',
        'MANAGE238',
        'selected',
        '2024-10-20 05:47:52',
        NOW(),
        NOW()
    ),
    (
        '2046947470',
        'ART240',
        'selected',
        '2024-10-20 11:32:52',
        NOW(),
        NOW()
    ),
    (
        '402714115',
        'BIO318',
        'selected',
        '2024-10-18 14:06:52',
        NOW(),
        NOW()
    ),
    (
        '402714115',
        'LAW132',
        'selected',
        '2024-10-19 21:32:52',
        NOW(),
        NOW()
    ),
    (
        '402714115',
        'PHY223',
        'selected',
        '2024-10-20 11:59:52',
        NOW(),
        NOW()
    ),
    (
        '402714115',
        'CS358',
        'selected',
        '2024-10-18 21:24:52',
        NOW(),
        NOW()
    ),
    (
        '2146723401',
        'LAW332',
        'selected',
        '2024-10-19 08:19:52',
        NOW(),
        NOW()
    ),
    (
        '2146723401',
        'ENV188',
        'selected',
        '2024-10-18 14:32:52',
        NOW(),
        NOW()
    ),
    (
        '2146723401',
        'ART120',
        'selected',
        '2024-10-18 20:52:52',
        NOW(),
        NOW()
    ),
    (
        '2146723401',
        'PHY223',
        'selected',
        '2024-10-18 20:54:52',
        NOW(),
        NOW()
    );